{
  "hash": "58e3730a",
  "configHash": "e9957908",
  "lockfileHash": "048d9ac8",
  "browserHash": "103a437e",
  "optimized": {
    "@angular/common/http": {
      "src": "../../../../../node_modules/@angular/common/fesm2022/http.mjs",
      "file": "@angular_common_http.js",
      "fileHash": "190f0691",
      "needsInterop": false
    },
    "@angular/core": {
      "src": "../../../../../node_modules/@angular/core/fesm2022/core.mjs",
      "file": "@angular_core.js",
      "fileHash": "dc949152",
      "needsInterop": false
    },
    "@angular/forms": {
      "src": "../../../../../node_modules/@angular/forms/fesm2022/forms.mjs",
      "file": "@angular_forms.js",
      "fileHash": "09ea5291",
      "needsInterop": false
    },
    "@angular/platform-browser": {
      "src": "../../../../../node_modules/@angular/platform-browser/fesm2022/platform-browser.mjs",
      "file": "@angular_platform-browser.js",
      "fileHash": "87a648c6",
      "needsInterop": false
    },
    "@angular/router": {
      "src": "../../../../../node_modules/@angular/router/fesm2022/router.mjs",
      "file": "@angular_router.js",
      "fileHash": "0f78b87f",
      "needsInterop": false
    }
  },
  "chunks": {
    "chunk-KQRVQYCG": {
      "file": "chunk-KQRVQYCG.js"
    },
    "chunk-CAKXXIQK": {
      "file": "chunk-CAKXXIQK.js"
    },
    "chunk-36R7ME4L": {
      "file": "chunk-36R7ME4L.js"
    },
    "chunk-6DT2DWOU": {
      "file": "chunk-6DT2DWOU.js"
    }
  }
}